# Meas. Channel, Temperature (degC)
4.210000000000000000e+02,4.585593383999999872e+01
4.220000000000000000e+02,2.138185516000000064e+01
