# Meas. Channel, Temperature (degC)
4.210000000000000000e+02,4.565883396000000261e+01
4.220000000000000000e+02,2.130823733000000075e+01
