# Meas. Channel, Temperature (degC)
4.210000000000000000e+02,4.570983411000000274e+01
4.220000000000000000e+02,2.135648205000000033e+01
