# Meas. Channel, Temperature (degC)
4.210000000000000000e+02,4.572105333999999743e+01
4.220000000000000000e+02,2.130495889999999903e+01
