# Meas. Channel, Temperature (degC)
4.210000000000000000e+02,4.572194006000000144e+01
4.220000000000000000e+02,2.131964744000000067e+01
