# Meas. Channel, Temperature (degC)
4.210000000000000000e+02,4.573718973999999804e+01
4.220000000000000000e+02,2.134653056999999876e+01
