# Meas. Channel, Temperature (degC)
4.210000000000000000e+02,4.570993453999999900e+01
4.220000000000000000e+02,2.129628127000000148e+01
