# Meas. Channel, Temperature (degC)
4.210000000000000000e+02,4.580876503000000355e+01
4.220000000000000000e+02,2.132579382999999851e+01
