# Meas. Channel, Temperature (degC)
4.210000000000000000e+02,4.572583118000000013e+01
4.220000000000000000e+02,2.131588470999999885e+01
