# Meas. Channel, Temperature (degC)
4.210000000000000000e+02,4.572228018999999932e+01
4.220000000000000000e+02,2.130868045000000066e+01
