# Meas. Channel, Temperature (degC)
4.210000000000000000e+02,4.574086679999999916e+01
4.220000000000000000e+02,2.144848118000000170e+01
