# Meas. Channel, Temperature (degC)
4.210000000000000000e+02,4.581470539000000031e+01
4.220000000000000000e+02,2.120798067000000131e+01
