# Meas. Channel, Temperature (degC)
4.210000000000000000e+02,4.585830477999999744e+01
4.220000000000000000e+02,2.132292553999999996e+01
