# Meas. Channel, Temperature (degC)
4.210000000000000000e+02,4.576913952000000307e+01
4.220000000000000000e+02,2.129726578000000003e+01
