# Meas. Channel, Temperature (degC)
4.210000000000000000e+02,4.574900210999999928e+01
4.220000000000000000e+02,2.149690031000000090e+01
