# Meas. Channel, Temperature (degC)
4.210000000000000000e+02,4.573846815999999649e+01
4.220000000000000000e+02,2.136876528000000164e+01
