# Meas. Channel, Temperature (degC)
4.210000000000000000e+02,4.580805046999999774e+01
4.220000000000000000e+02,2.143621826000000041e+01
