# Meas. Channel, Temperature (degC)
4.210000000000000000e+02,4.569468478000000289e+01
4.220000000000000000e+02,2.140959992000000156e+01
