# Meas. Channel, Temperature (degC)
4.210000000000000000e+02,4.576207303000000337e+01
4.220000000000000000e+02,2.132009276000000142e+01
