# Meas. Channel, Temperature (degC)
4.210000000000000000e+02,4.581724711999999755e+01
4.220000000000000000e+02,2.133497948999999849e+01
