# Meas. Channel, Temperature (degC)
4.210000000000000000e+02,4.588056163000000254e+01
4.220000000000000000e+02,2.134568433000000098e+01
