# Meas. Channel, Temperature (degC)
4.210000000000000000e+02,4.582668347999999980e+01
4.220000000000000000e+02,2.135798052999999896e+01
