# Meas. Channel, Temperature (degC)
4.210000000000000000e+02,4.566681587000000064e+01
4.220000000000000000e+02,2.131460453000000044e+01
