# Meas. Channel, Temperature (degC)
4.210000000000000000e+02,4.570892909999999887e+01
4.220000000000000000e+02,2.138851212000000146e+01
