# Meas. Channel, Temperature (degC)
4.210000000000000000e+02,4.580695114000000245e+01
4.220000000000000000e+02,2.146521732000000071e+01
