# Meas. Channel, Temperature (degC)
4.210000000000000000e+02,4.580395157000000239e+01
4.220000000000000000e+02,2.142817541999999875e+01
