# Meas. Channel, Temperature (degC)
4.210000000000000000e+02,4.582139091999999891e+01
4.220000000000000000e+02,2.126455825000000033e+01
