# Meas. Channel, Temperature (degC)
4.210000000000000000e+02,4.570979293999999982e+01
4.220000000000000000e+02,2.146584132999999994e+01
