# Meas. Channel, Temperature (degC)
4.210000000000000000e+02,4.582575002000000097e+01
4.220000000000000000e+02,2.125746600000000086e+01
