# Meas. Channel, Temperature (degC)
4.210000000000000000e+02,4.582640030999999681e+01
4.220000000000000000e+02,2.122442865000000012e+01
