# Meas. Channel, Temperature (degC)
4.210000000000000000e+02,4.570067980999999691e+01
4.220000000000000000e+02,2.143006258999999858e+01
