# Meas. Channel, Temperature (degC)
4.210000000000000000e+02,4.571646341999999663e+01
4.220000000000000000e+02,2.127893957999999941e+01
