# Meas. Channel, Temperature (degC)
4.210000000000000000e+02,4.577198632999999717e+01
4.220000000000000000e+02,2.134065913999999964e+01
