# Meas. Channel, Temperature (degC)
4.210000000000000000e+02,4.574100578000000183e+01
4.220000000000000000e+02,2.136417194999999936e+01
