# Meas. Channel, Temperature (degC)
4.210000000000000000e+02,4.571928245000000146e+01
4.220000000000000000e+02,2.118659471000000138e+01
