# Meas. Channel, Temperature (degC)
4.210000000000000000e+02,4.575187209999999993e+01
4.220000000000000000e+02,2.138888827999999975e+01
