# Meas. Channel, Temperature (degC)
4.210000000000000000e+02,4.588546714000000293e+01
4.220000000000000000e+02,2.128665480000000088e+01
