# Meas. Channel, Temperature (degC)
4.210000000000000000e+02,4.580489770999999877e+01
4.220000000000000000e+02,2.137988083999999844e+01
