# Meas. Channel, Temperature (degC)
4.210000000000000000e+02,4.585157904999999801e+01
4.220000000000000000e+02,2.133679698999999985e+01
