# Meas. Channel, Temperature (degC)
4.210000000000000000e+02,4.586434854000000172e+01
4.220000000000000000e+02,2.130616878000000014e+01
