# Meas. Channel, Temperature (degC)
4.210000000000000000e+02,4.572176944000000276e+01
4.220000000000000000e+02,2.136913627999999932e+01
