# Meas. Channel, Temperature (degC)
4.210000000000000000e+02,4.573148929999999979e+01
4.220000000000000000e+02,2.134487495000000123e+01
