# Meas. Channel, Temperature (degC)
4.210000000000000000e+02,4.579326298000000151e+01
4.220000000000000000e+02,2.133006242000000086e+01
