# Meas. Channel, Temperature (degC)
4.210000000000000000e+02,4.577690909999999747e+01
4.220000000000000000e+02,2.127667699999999940e+01
