# Meas. Channel, Temperature (degC)
4.210000000000000000e+02,4.578114554999999797e+01
4.220000000000000000e+02,2.127075789999999955e+01
